timeStamp,elapsed,label,responseCode,responseMessage,threadName,dataType,success,failureMessage,bytes,sentBytes,grpThreads,allThreads,URL,Filename,Latency,IdleTime,Connect
1677342095383,950,HTTP Request,201,Created,Reqres_Swagger 1-2,text,true,,713,259,49,49,https://reqres.in/api/users/register,,950,0,502
1677342095542,791,HTTP Request,201,Created,Reqres_Swagger 1-10,text,true,,715,259,49,49,https://reqres.in/api/users/register,,791,0,330
1677342095503,830,HTTP Request,201,Created,Reqres_Swagger 1-8,text,true,,707,259,49,49,https://reqres.in/api/users/register,,830,0,381
1677342095403,940,HTTP Request,201,Created,Reqres_Swagger 1-3,text,true,,713,259,47,47,https://reqres.in/api/users/register,,940,0,490
1677342095523,820,HTTP Request,201,Created,Reqres_Swagger 1-9,text,true,,719,259,47,47,https://reqres.in/api/users/register,,820,0,362
1677342095379,964,HTTP Request,201,Created,Reqres_Swagger 1-1,text,true,,711,259,47,47,https://reqres.in/api/users/register,,964,0,505
1677342095582,763,HTTP Request,201,Created,Reqres_Swagger 1-12,text,true,,713,259,44,44,https://reqres.in/api/users/register,,763,0,303
1677342095483,862,HTTP Request,201,Created,Reqres_Swagger 1-7,text,true,,707,259,44,44,https://reqres.in/api/users/register,,862,0,396
1677342095603,742,HTTP Request,201,Created,Reqres_Swagger 1-13,text,true,,711,259,44,44,https://reqres.in/api/users/register,,742,0,302
1677342095442,904,HTTP Request,201,Created,Reqres_Swagger 1-5,text,true,,709,259,41,41,https://reqres.in/api/users/register,,904,0,463
1677342095462,885,HTTP Request,201,Created,Reqres_Swagger 1-6,text,true,,711,259,40,40,https://reqres.in/api/users/register,,885,0,452
1677342095422,926,HTTP Request,201,Created,Reqres_Swagger 1-4,text,true,,711,259,39,39,https://reqres.in/api/users/register,,926,0,491
1677342095562,805,HTTP Request,201,Created,Reqres_Swagger 1-11,text,true,,714,259,39,39,https://reqres.in/api/users/register,,805,0,354
1677342095623,750,HTTP Request,201,Created,Reqres_Swagger 1-14,text,true,,711,259,38,38,https://reqres.in/api/users/register,,750,0,294
1677342095661,717,HTTP Request,201,Created,Reqres_Swagger 1-16,text,true,,711,259,37,37,https://reqres.in/api/users/register,,717,0,263
1677342095642,743,HTTP Request,201,Created,Reqres_Swagger 1-15,text,true,,711,259,37,37,https://reqres.in/api/users/register,,743,0,281
1677342095702,703,HTTP Request,201,Created,Reqres_Swagger 1-18,text,true,,707,259,37,37,https://reqres.in/api/users/register,,703,0,273
1677342095741,716,HTTP Request,201,Created,Reqres_Swagger 1-20,text,true,,711,259,38,38,https://reqres.in/api/users/register,,716,0,264
1677342095722,756,HTTP Request,201,Created,Reqres_Swagger 1-19,text,true,,709,259,38,38,https://reqres.in/api/users/register,,756,0,285
1677342095763,779,HTTP Request,201,Created,Reqres_Swagger 1-21,text,true,,707,259,40,40,https://reqres.in/api/users/register,,779,0,266
1677342095783,792,HTTP Request,201,Created,Reqres_Swagger 1-22,text,true,,712,259,41,41,https://reqres.in/api/users/register,,792,0,263
1677342095812,963,HTTP Request,201,Created,Reqres_Swagger 1-23,text,true,,709,259,50,50,https://reqres.in/api/users/register,,963,0,324
1677342095882,919,HTTP Request,201,Created,Reqres_Swagger 1-27,text,true,,711,259,50,50,https://reqres.in/api/users/register,,919,0,337
1677342095842,962,HTTP Request,201,Created,Reqres_Swagger 1-25,text,true,,717,259,50,50,https://reqres.in/api/users/register,,962,0,377
1677342095823,995,HTTP Request,201,Created,Reqres_Swagger 1-24,text,true,,715,259,49,49,https://reqres.in/api/users/register,,995,0,396
1677342095862,956,HTTP Request,201,Created,Reqres_Swagger 1-26,text,true,,720,259,49,49,https://reqres.in/api/users/register,,956,0,357
1677342095687,1138,HTTP Request,201,Created,Reqres_Swagger 1-17,text,true,,713,259,48,48,https://reqres.in/api/users/register,,1138,0,238
1677342095903,1319,HTTP Request,201,Created,Reqres_Swagger 1-28,text,true,,711,259,67,67,https://reqres.in/api/users/register,,1319,0,487
1677342095923,1331,HTTP Request,201,Created,Reqres_Swagger 1-29,text,true,,709,259,67,67,https://reqres.in/api/users/register,,1331,0,498
1677342095943,1338,HTTP Request,201,Created,Reqres_Swagger 1-30,text,true,,711,259,67,67,https://reqres.in/api/users/register,,1338,0,478
1677342096001,1797,HTTP Request,201,Created,Reqres_Swagger 1-33,text,true,,713,259,92,92,https://reqres.in/api/users/register,,1797,0,688
1677342095963,1835,HTTP Request,201,Created,Reqres_Swagger 1-31,text,true,,719,259,92,92,https://reqres.in/api/users/register,,1835,0,726
1677342095982,1990,HTTP Request,201,Created,Reqres_Swagger 1-32,text,true,,709,259,99,99,https://reqres.in/api/users/register,,1990,0,758
1677342096021,2361,HTTP Request,201,Created,Reqres_Swagger 1-34,text,true,,715,259,119,119,https://reqres.in/api/users/register,,2361,0,886
1677342096061,2449,HTTP Request,201,Created,Reqres_Swagger 1-36,text,true,,717,259,124,124,https://reqres.in/api/users/register,,2449,0,873
1677342096041,2516,HTTP Request,201,Created,Reqres_Swagger 1-35,text,true,,713,259,125,125,https://reqres.in/api/users/register,,2516,0,895
1677342096081,2594,HTTP Request,201,Created,Reqres_Swagger 1-37,text,true,,709,259,130,130,https://reqres.in/api/users/register,,2594,0,862
1677342096123,5162,HTTP Request,201,Created,Reqres_Swagger 1-39,text,true,,715,259,260,260,https://reqres.in/api/users/register,,5162,0,1856
1677342096102,5631,HTTP Request,201,Created,Reqres_Swagger 1-38,text,true,,713,259,281,281,https://reqres.in/api/users/register,,5631,0,1931
1677342096143,5685,HTTP Request,201,Created,Reqres_Swagger 1-40,text,true,,709,259,285,285,https://reqres.in/api/users/register,,5685,0,1911
1677342096163,5681,HTTP Request,201,Created,Reqres_Swagger 1-41,text,true,,717,259,285,285,https://reqres.in/api/users/register,,5681,0,1892
1677342096183,6011,HTTP Request,201,Created,Reqres_Swagger 1-42,text,true,,719,259,301,301,https://reqres.in/api/users/register,,6011,0,1887
1677342096224,5982,HTTP Request,201,Created,Reqres_Swagger 1-44,text,true,,711,259,301,301,https://reqres.in/api/users/register,,5982,0,1848
1677342096203,6015,HTTP Request,201,Created,Reqres_Swagger 1-43,text,true,,709,259,300,300,https://reqres.in/api/users/register,,6015,0,1888
1677342096942,5859,HTTP Request,Non HTTP response code: java.net.SocketException,Non HTTP response message: Connection reset,Reqres_Swagger 1-80,text,false,,2685,0,328,328,https://reqres.in/api/users/register,,0,0,5859
1677342096982,6524,HTTP Request,Non HTTP response code: java.net.SocketException,Non HTTP response message: Connection reset,Reqres_Swagger 1-82,text,false,,2685,0,362,362,https://reqres.in/api/users/register,,0,0,6523
1677342096962,6544,HTTP Request,Non HTTP response code: java.net.SocketException,Non HTTP response message: Connection reset,Reqres_Swagger 1-81,text,false,,2685,0,362,362,https://reqres.in/api/users/register,,0,0,6543
1677342097563,8291,HTTP Request,Non HTTP response code: java.net.SocketException,Non HTTP response message: Connection reset,Reqres_Swagger 1-111,text,false,,2685,0,453,453,https://reqres.in/api/users/register,,0,0,8291
1677342097003,8880,HTTP Request,Non HTTP response code: java.net.SocketException,Non HTTP response message: Connection reset,Reqres_Swagger 1-83,text,false,,2685,0,452,452,https://reqres.in/api/users/register,,0,0,8880
1677342097023,8860,HTTP Request,Non HTTP response code: java.net.SocketException,Non HTTP response message: Connection reset,Reqres_Swagger 1-84,text,false,,2685,0,452,452,https://reqres.in/api/users/register,,0,0,8860
1677342096282,9703,HTTP Request,201,Created,Reqres_Swagger 1-47,text,true,,709,259,450,450,https://reqres.in/api/users/register,,9703,0,3540
1677342096262,9739,HTTP Request,201,Created,Reqres_Swagger 1-46,text,true,,709,259,449,449,https://reqres.in/api/users/register,,9739,0,3560
1677342096242,9759,HTTP Request,201,Created,Reqres_Swagger 1-45,text,true,,707,259,449,449,https://reqres.in/api/users/register,,9759,0,3580
1677342096302,9720,HTTP Request,201,Created,Reqres_Swagger 1-48,text,true,,713,259,447,447,https://reqres.in/api/users/register,,9720,0,3521
1677342096322,9761,HTTP Request,201,Created,Reqres_Swagger 1-49,text,true,,713,259,446,446,https://reqres.in/api/users/register,,9761,0,3597
1677342096341,9757,HTTP Request,201,Created,Reqres_Swagger 1-50,text,true,,711,259,446,446,https://reqres.in/api/users/register,,9757,0,3609
1677342096363,9870,HTTP Request,201,Created,Reqres_Swagger 1-51,text,true,,715,259,444,444,https://reqres.in/api/users/register,,9870,0,4596
1677342096522,10248,HTTP Request,201,Created,Reqres_Swagger 1-59,text,true,,713,259,443,443,https://reqres.in/api/users/register,,10248,0,5942
1677342096502,10268,HTTP Request,201,Created,Reqres_Swagger 1-58,text,true,,715,259,443,443,https://reqres.in/api/users/register,,10268,0,5954
1677342096462,10325,HTTP Request,201,Created,Reqres_Swagger 1-56,text,true,,711,259,441,441,https://reqres.in/api/users/register,,10325,0,5382
1677342096442,10346,HTTP Request,201,Created,Reqres_Swagger 1-55,text,true,,705,259,441,441,https://reqres.in/api/users/register,,10346,0,5386
1677342096422,10367,HTTP Request,201,Created,Reqres_Swagger 1-54,text,true,,711,259,439,439,https://reqres.in/api/users/register,,10367,0,5381
1677342096563,10510,HTTP Request,201,Created,Reqres_Swagger 1-61,text,true,,717,259,438,438,https://reqres.in/api/users/register,,10510,0,7088
1677342096482,10614,HTTP Request,201,Created,Reqres_Swagger 1-57,text,true,,721,259,437,437,https://reqres.in/api/users/register,,10614,0,7169
1677342096544,10552,HTTP Request,201,Created,Reqres_Swagger 1-60,text,true,,711,259,437,437,https://reqres.in/api/users/register,,10552,0,7115
1677342096602,10577,HTTP Request,503,Service Unavailable,Reqres_Swagger 1-63,text,false,,1111,259,435,435,https://reqres.in/api/users/register,,10577,0,7049
1677342096622,10637,HTTP Request,201,Created,Reqres_Swagger 1-64,text,true,,707,259,434,434,https://reqres.in/api/users/register,,10637,0,7412
1677342096583,10676,HTTP Request,201,Created,Reqres_Swagger 1-62,text,true,,709,259,434,434,https://reqres.in/api/users/register,,10676,0,7239
1677342096642,10617,HTTP Request,201,Created,Reqres_Swagger 1-65,text,true,,713,259,434,434,https://reqres.in/api/users/register,,10617,0,7396
1677342097043,10254,HTTP Request,Non HTTP response code: java.net.SocketException,Non HTTP response message: Connection reset,Reqres_Swagger 1-85,text,false,,2685,0,431,431,https://reqres.in/api/users/register,,0,0,10254
1677342097122,10176,HTTP Request,Non HTTP response code: java.net.SocketException,Non HTTP response message: Connection reset,Reqres_Swagger 1-89,text,false,,2685,0,430,430,https://reqres.in/api/users/register,,0,0,10176
1677342097103,10196,HTTP Request,Non HTTP response code: java.net.SocketException,Non HTTP response message: Connection reset,Reqres_Swagger 1-88,text,false,,2685,0,429,429,https://reqres.in/api/users/register,,0,0,10196
1677342097062,10237,HTTP Request,Non HTTP response code: java.net.SocketException,Non HTTP response message: Connection reset,Reqres_Swagger 1-86,text,false,,2685,0,429,429,https://reqres.in/api/users/register,,0,0,10237
1677342097082,10218,HTTP Request,Non HTTP response code: java.net.SocketException,Non HTTP response message: Connection reset,Reqres_Swagger 1-87,text,false,,2685,0,429,429,https://reqres.in/api/users/register,,0,0,10217
1677342097142,10158,HTTP Request,Non HTTP response code: java.net.SocketException,Non HTTP response message: Connection reset,Reqres_Swagger 1-90,text,false,,2685,0,429,429,https://reqres.in/api/users/register,,0,0,10158
1677342097183,10120,HTTP Request,Non HTTP response code: java.net.SocketException,Non HTTP response message: Connection reset,Reqres_Swagger 1-92,text,false,,2685,0,425,425,https://reqres.in/api/users/register,,0,0,10120
1677342097244,10424,HTTP Request,Non HTTP response code: java.net.SocketException,Non HTTP response message: Connection reset,Reqres_Swagger 1-95,text,false,,2685,0,424,424,https://reqres.in/api/users/register,,0,0,10424
1677342096662,11140,HTTP Request,201,Created,Reqres_Swagger 1-66,text,true,,715,259,423,423,https://reqres.in/api/users/register,,11140,0,8636
1677342096383,11420,HTTP Request,201,Created,Reqres_Swagger 1-52,text,true,,714,259,422,422,https://reqres.in/api/users/register,,11420,0,8965
1677342096402,11402,HTTP Request,201,Created,Reqres_Swagger 1-53,text,true,,709,259,421,421,https://reqres.in/api/users/register,,11402,0,9005
1677342096703,11102,HTTP Request,201,Created,Reqres_Swagger 1-68,text,true,,711,259,420,420,https://reqres.in/api/users/register,,11102,0,8932
1677342096683,11299,HTTP Request,201,Created,Reqres_Swagger 1-67,text,true,,713,259,419,419,https://reqres.in/api/users/register,,11299,0,8952
1677342096722,11427,HTTP Request,201,Created,Reqres_Swagger 1-69,text,true,,709,259,418,418,https://reqres.in/api/users/register,,11427,0,9002
1677342096783,11371,HTTP Request,201,Created,Reqres_Swagger 1-72,text,true,,715,259,417,417,https://reqres.in/api/users/register,,11371,0,8946
1677342096742,11419,HTTP Request,201,Created,Reqres_Swagger 1-70,text,true,,709,259,416,416,https://reqres.in/api/users/register,,11419,0,8987
1677342096763,11399,HTTP Request,201,Created,Reqres_Swagger 1-71,text,true,,711,259,415,415,https://reqres.in/api/users/register,,11399,0,8966
1677342096823,11339,HTTP Request,201,Created,Reqres_Swagger 1-74,text,true,,707,259,414,414,https://reqres.in/api/users/register,,11339,0,8920
1677342096842,11951,HTTP Request,201,Created,Reqres_Swagger 1-75,text,true,,713,259,413,413,https://reqres.in/api/users/register,,11951,0,9339
1677342096862,12351,HTTP Request,201,Created,Reqres_Swagger 1-76,text,true,,716,259,412,412,https://reqres.in/api/users/register,,12351,0,9545
1677342096902,13483,HTTP Request,201,Created,Reqres_Swagger 1-78,text,true,,706,259,411,411,https://reqres.in/api/users/register,,13483,0,9816
1677342096882,13518,HTTP Request,201,Created,Reqres_Swagger 1-77,text,true,,711,259,410,410,https://reqres.in/api/users/register,,13518,0,9836
1677342096922,13486,HTTP Request,201,Created,Reqres_Swagger 1-79,text,true,,707,259,409,409,https://reqres.in/api/users/register,,13486,0,9795
1677342103833,7084,HTTP Request,Non HTTP response code: java.net.SocketException,Non HTTP response message: Connection reset,Reqres_Swagger 1-424,text,false,,2685,0,408,408,https://reqres.in/api/users/register,,0,0,7084
1677342103853,7066,HTTP Request,Non HTTP response code: java.net.SocketException,Non HTTP response message: Connection reset,Reqres_Swagger 1-425,text,false,,2685,0,407,407,https://reqres.in/api/users/register,,0,0,7066
1677342103813,7109,HTTP Request,Non HTTP response code: java.net.SocketException,Non HTTP response message: Connection reset,Reqres_Swagger 1-423,text,false,,2685,0,406,406,https://reqres.in/api/users/register,,0,0,7109
1677342103893,7045,HTTP Request,Non HTTP response code: java.net.SocketException,Non HTTP response message: Connection reset,Reqres_Swagger 1-427,text,false,,2685,0,405,405,https://reqres.in/api/users/register,,0,0,7045
1677342104011,7032,HTTP Request,Non HTTP response code: java.net.SocketException,Non HTTP response message: Connection reset,Reqres_Swagger 1-433,text,false,,2685,0,404,404,https://reqres.in/api/users/register,,0,0,7032
1677342103991,7054,HTTP Request,Non HTTP response code: java.net.SocketException,Non HTTP response message: Connection reset,Reqres_Swagger 1-432,text,false,,2685,0,404,404,https://reqres.in/api/users/register,,0,0,7054
1677342103932,7113,HTTP Request,Non HTTP response code: java.net.SocketException,Non HTTP response message: Connection reset,Reqres_Swagger 1-429,text,false,,2685,0,404,404,https://reqres.in/api/users/register,,0,0,7113
1677342104053,6992,HTTP Request,Non HTTP response code: java.net.SocketException,Non HTTP response message: Connection reset,Reqres_Swagger 1-435,text,false,,2685,0,404,404,https://reqres.in/api/users/register,,0,0,6992
1677342104131,6914,HTTP Request,Non HTTP response code: java.net.SocketException,Non HTTP response message: Connection reset,Reqres_Swagger 1-439,text,false,,2685,0,404,404,https://reqres.in/api/users/register,,0,0,6914
1677342103952,7093,HTTP Request,Non HTTP response code: java.net.SocketException,Non HTTP response message: Connection reset,Reqres_Swagger 1-430,text,false,,2685,0,404,404,https://reqres.in/api/users/register,,0,0,7093
1677342103971,7093,HTTP Request,Non HTTP response code: java.net.SocketException,Non HTTP response message: Connection reset,Reqres_Swagger 1-431,text,false,,2685,0,398,398,https://reqres.in/api/users/register,,0,0,7093
1677342104192,6875,HTTP Request,Non HTTP response code: java.net.SocketException,Non HTTP response message: Connection reset,Reqres_Swagger 1-442,text,false,,2685,0,397,397,https://reqres.in/api/users/register,,0,0,6875
1677342104252,6815,HTTP Request,Non HTTP response code: java.net.SocketException,Non HTTP response message: Connection reset,Reqres_Swagger 1-445,text,false,,2685,0,397,397,https://reqres.in/api/users/register,,0,0,6815
1677342104073,6994,HTTP Request,Non HTTP response code: java.net.SocketException,Non HTTP response message: Connection reset,Reqres_Swagger 1-436,text,false,,2685,0,396,396,https://reqres.in/api/users/register,,0,0,6994
1677342104171,6897,HTTP Request,Non HTTP response code: java.net.SocketException,Non HTTP response message: Connection reset,Reqres_Swagger 1-441,text,false,,2685,0,395,395,https://reqres.in/api/users/register,,0,0,6897
1677342104272,6795,HTTP Request,Non HTTP response code: java.net.SocketException,Non HTTP response message: Connection reset,Reqres_Swagger 1-446,text,false,,2685,0,394,394,https://reqres.in/api/users/register,,0,0,6795
1677342104233,6834,HTTP Request,Non HTTP response code: java.net.SocketException,Non HTTP response message: Connection reset,Reqres_Swagger 1-444,text,false,,2685,0,394,394,https://reqres.in/api/users/register,,0,0,6834
1677342104031,7041,HTTP Request,Non HTTP response code: java.net.SocketException,Non HTTP response message: Connection reset,Reqres_Swagger 1-434,text,false,,2685,0,391,391,https://reqres.in/api/users/register,,0,0,7041
1677342104112,6960,HTTP Request,Non HTTP response code: java.net.SocketException,Non HTTP response message: Connection reset,Reqres_Swagger 1-438,text,false,,2685,0,391,391,https://reqres.in/api/users/register,,0,0,6960
1677342104311,6761,HTTP Request,Non HTTP response code: java.net.SocketException,Non HTTP response message: Connection reset,Reqres_Swagger 1-448,text,false,,2685,0,391,391,https://reqres.in/api/users/register,,0,0,6761
1677342104093,6980,HTTP Request,Non HTTP response code: java.net.SocketException,Non HTTP response message: Connection reset,Reqres_Swagger 1-437,text,false,,2685,0,388,388,https://reqres.in/api/users/register,,0,0,6980
1677342104212,6865,HTTP Request,Non HTTP response code: java.net.SocketException,Non HTTP response message: Connection reset,Reqres_Swagger 1-443,text,false,,2685,0,387,387,https://reqres.in/api/users/register,,0,0,6865
1677342104331,6747,HTTP Request,Non HTTP response code: java.net.SocketException,Non HTTP response message: Connection reset,Reqres_Swagger 1-449,text,false,,2685,0,386,386,https://reqres.in/api/users/register,,0,0,6747
1677342104151,6927,HTTP Request,Non HTTP response code: java.net.SocketException,Non HTTP response message: Connection reset,Reqres_Swagger 1-440,text,false,,2685,0,386,386,https://reqres.in/api/users/register,,0,0,6926
1677342104291,6792,HTTP Request,Non HTTP response code: java.net.SocketException,Non HTTP response message: Connection reset,Reqres_Swagger 1-447,text,false,,2685,0,384,384,https://reqres.in/api/users/register,,0,0,6792
1677342104352,6802,HTTP Request,Non HTTP response code: java.net.SocketException,Non HTTP response message: Connection reset,Reqres_Swagger 1-450,text,false,,2685,0,383,383,https://reqres.in/api/users/register,,0,0,6802
1677342097381,14103,HTTP Request,Non HTTP response code: java.net.SocketException,Non HTTP response message: Connection reset,Reqres_Swagger 1-102,text,false,,2685,0,382,382,https://reqres.in/api/users/register,,0,0,14103
1677342097362,14122,HTTP Request,Non HTTP response code: java.net.SocketException,Non HTTP response message: Connection reset,Reqres_Swagger 1-101,text,false,,2685,0,382,382,https://reqres.in/api/users/register,,0,0,14122
1677342098162,13322,HTTP Request,Non HTTP response code: java.net.SocketException,Non HTTP response message: Connection reset,Reqres_Swagger 1-141,text,false,,2685,0,382,382,https://reqres.in/api/users/register,,0,0,13322
1677342097402,14087,HTTP Request,Non HTTP response code: java.net.SocketException,Non HTTP response message: Connection reset,Reqres_Swagger 1-103,text,false,,2685,0,379,379,https://reqres.in/api/users/register,,0,0,14087
1677342097422,14067,HTTP Request,Non HTTP response code: java.net.SocketException,Non HTTP response message: Connection reset,Reqres_Swagger 1-104,text,false,,2685,0,379,379,https://reqres.in/api/users/register,,0,0,14067
1677342097442,14083,HTTP Request,Non HTTP response code: java.net.SocketException,Non HTTP response message: Connection reset,Reqres_Swagger 1-105,text,false,,2685,0,377,377,https://reqres.in/api/users/register,,0,0,14083
1677342104391,7135,HTTP Request,Non HTTP response code: java.net.SocketException,Non HTTP response message: Connection reset,Reqres_Swagger 1-452,text,false,,2685,0,376,376,https://reqres.in/api/users/register,,0,0,7135
1677342104411,7153,HTTP Request,Non HTTP response code: java.net.SocketException,Non HTTP response message: Connection reset,Reqres_Swagger 1-453,text,false,,2685,0,375,375,https://reqres.in/api/users/register,,0,0,7152
1677342104532,7032,HTTP Request,Non HTTP response code: java.net.SocketException,Non HTTP response message: Connection reset,Reqres_Swagger 1-459,text,false,,2685,0,375,375,https://reqres.in/api/users/register,,0,0,7031
1677342104552,7012,HTTP Request,Non HTTP response code: java.net.SocketException,Non HTTP response message: Connection reset,Reqres_Swagger 1-460,text,false,,2685,0,373,373,https://reqres.in/api/users/register,,0,0,7012
1677342104431,7133,HTTP Request,Non HTTP response code: java.net.SocketException,Non HTTP response message: Connection reset,Reqres_Swagger 1-454,text,false,,2685,0,373,373,https://reqres.in/api/users/register,,0,0,7133
1677342104475,7089,HTTP Request,Non HTTP response code: java.net.SocketException,Non HTTP response message: Connection reset,Reqres_Swagger 1-456,text,false,,2685,0,373,373,https://reqres.in/api/users/register,,0,0,7089
1677342104612,6952,HTTP Request,Non HTTP response code: java.net.SocketException,Non HTTP response message: Connection reset,Reqres_Swagger 1-463,text,false,,2685,0,373,373,https://reqres.in/api/users/register,,0,0,6952
1677342104592,6979,HTTP Request,Non HTTP response code: java.net.SocketException,Non HTTP response message: Connection reset,Reqres_Swagger 1-462,text,false,,2685,0,369,369,https://reqres.in/api/users/register,,0,0,6979
1677342104451,7125,HTTP Request,Non HTTP response code: java.net.SocketException,Non HTTP response message: Connection reset,Reqres_Swagger 1-455,text,false,,2685,0,368,368,https://reqres.in/api/users/register,,0,0,7125
1677342104371,7212,HTTP Request,Non HTTP response code: java.net.SocketException,Non HTTP response message: Connection reset,Reqres_Swagger 1-451,text,false,,2685,0,367,367,https://reqres.in/api/users/register,,0,0,7212
1677342097522,14061,HTTP Request,Non HTTP response code: java.net.SocketException,Non HTTP response message: Connection reset,Reqres_Swagger 1-109,text,false,,2685,0,367,367,https://reqres.in/api/users/register,,0,0,14061
1677342104492,7091,HTTP Request,Non HTTP response code: java.net.SocketException,Non HTTP response message: Connection reset,Reqres_Swagger 1-457,text,false,,2685,0,367,367,https://reqres.in/api/users/register,,0,0,7091
1677342104572,7011,HTTP Request,Non HTTP response code: java.net.SocketException,Non HTTP response message: Connection reset,Reqres_Swagger 1-461,text,false,,2685,0,367,367,https://reqres.in/api/users/register,,0,0,7011
1677342104512,7071,HTTP Request,Non HTTP response code: java.net.SocketException,Non HTTP response message: Connection reset,Reqres_Swagger 1-458,text,false,,2685,0,366,366,https://reqres.in/api/users/register,,0,0,7071
1677342097543,14040,HTTP Request,Non HTTP response code: java.net.SocketException,Non HTTP response message: Connection reset,Reqres_Swagger 1-110,text,false,,2685,0,367,367,https://reqres.in/api/users/register,,0,0,14040
1677342097462,14121,HTTP Request,Non HTTP response code: java.net.SocketException,Non HTTP response message: Connection reset,Reqres_Swagger 1-106,text,false,,2685,0,363,363,https://reqres.in/api/users/register,,0,0,14121
1677342097503,14080,HTTP Request,Non HTTP response code: java.net.SocketException,Non HTTP response message: Connection reset,Reqres_Swagger 1-108,text,false,,2685,0,364,364,https://reqres.in/api/users/register,,0,0,14080
1677342097483,14100,HTTP Request,Non HTTP response code: java.net.SocketException,Non HTTP response message: Connection reset,Reqres_Swagger 1-107,text,false,,2685,0,367,367,https://reqres.in/api/users/register,,0,0,14100
1677342104633,7408,HTTP Request,Non HTTP response code: java.net.SocketException,Non HTTP response message: Connection reset,Reqres_Swagger 1-464,text,false,,2685,0,358,358,https://reqres.in/api/users/register,,0,0,7408
1677342104691,7361,HTTP Request,Non HTTP response code: java.net.SocketException,Non HTTP response message: Connection reset,Reqres_Swagger 1-467,text,false,,2685,0,357,357,https://reqres.in/api/users/register,,0,0,7361
1677342104710,7343,HTTP Request,Non HTTP response code: java.net.SocketException,Non HTTP response message: Connection reset,Reqres_Swagger 1-468,text,false,,2685,0,357,357,https://reqres.in/api/users/register,,0,0,7343
1677342104752,7301,HTTP Request,Non HTTP response code: java.net.SocketException,Non HTTP response message: Connection reset,Reqres_Swagger 1-470,text,false,,2685,0,357,357,https://reqres.in/api/users/register,,0,0,7301
1677342104817,7236,HTTP Request,Non HTTP response code: java.net.SocketException,Non HTTP response message: Connection reset,Reqres_Swagger 1-473,text,false,,2685,0,357,357,https://reqres.in/api/users/register,,0,0,7236
1677342104671,7382,HTTP Request,Non HTTP response code: java.net.SocketException,Non HTTP response message: Connection reset,Reqres_Swagger 1-466,text,false,,2685,0,357,357,https://reqres.in/api/users/register,,0,0,7382
1677342097582,14471,HTTP Request,Non HTTP response code: java.net.SocketException,Non HTTP response message: Connection reset,Reqres_Swagger 1-112,text,false,,2685,0,357,357,https://reqres.in/api/users/register,,0,0,14471
1677342104932,7120,HTTP Request,Non HTTP response code: java.net.SocketException,Non HTTP response message: Connection reset,Reqres_Swagger 1-479,text,false,,2685,0,357,357,https://reqres.in/api/users/register,,0,0,7120
1677342104653,7400,HTTP Request,Non HTTP response code: java.net.SocketException,Non HTTP response message: Connection reset,Reqres_Swagger 1-465,text,false,,2685,0,356,356,https://reqres.in/api/users/register,,0,0,7400
1677342104852,7200,HTTP Request,Non HTTP response code: java.net.SocketException,Non HTTP response message: Connection reset,Reqres_Swagger 1-475,text,false,,2685,0,357,357,https://reqres.in/api/users/register,,0,0,7200
1677342104791,7263,HTTP Request,Non HTTP response code: java.net.SocketException,Non HTTP response message: Connection reset,Reqres_Swagger 1-472,text,false,,2685,0,354,354,https://reqres.in/api/users/register,,0,0,7262
1677342097743,14316,HTTP Request,Non HTTP response code: java.net.SocketException,Non HTTP response message: Connection reset,Reqres_Swagger 1-120,text,false,,2685,0,347,347,https://reqres.in/api/users/register,,0,0,14316
1677342097661,14408,HTTP Request,Non HTTP response code: java.net.SocketException,Non HTTP response message: Connection reset,Reqres_Swagger 1-116,text,false,,2685,0,346,346,https://reqres.in/api/users/register,,0,0,14408
1677342104991,7078,HTTP Request,Non HTTP response code: java.net.SocketException,Non HTTP response message: Connection reset,Reqres_Swagger 1-482,text,false,,2685,0,346,346,https://reqres.in/api/users/register,,0,0,7078
1677342104972,7097,HTTP Request,Non HTTP response code: java.net.SocketException,Non HTTP response message: Connection reset,Reqres_Swagger 1-481,text,false,,2685,0,346,346,https://reqres.in/api/users/register,,0,0,7097
1677342097703,14367,HTTP Request,Non HTTP response code: java.net.SocketException,Non HTTP response message: Connection reset,Reqres_Swagger 1-118,text,false,,2685,0,343,343,https://reqres.in/api/users/register,,0,0,14367
1677342104912,7158,HTTP Request,Non HTTP response code: java.net.SocketException,Non HTTP response message: Connection reset,Reqres_Swagger 1-478,text,false,,2685,0,343,343,https://reqres.in/api/users/register,,0,0,7158
1677342105091,6979,HTTP Request,Non HTTP response code: java.net.SocketException,Non HTTP response message: Connection reset,Reqres_Swagger 1-487,text,false,,2685,0,343,343,https://reqres.in/api/users/register,,0,0,6979
1677342097641,14429,HTTP Request,Non HTTP response code: java.net.SocketException,Non HTTP response message: Connection reset,Reqres_Swagger 1-115,text,false,,2685,0,343,343,https://reqres.in/api/users/register,,0,0,14429
1677342097681,14389,HTTP Request,Non HTTP response code: java.net.SocketException,Non HTTP response message: Connection reset,Reqres_Swagger 1-117,text,false,,2685,0,343,343,https://reqres.in/api/users/register,,0,0,14389
1677342105031,7039,HTTP Request,Non HTTP response code: java.net.SocketException,Non HTTP response message: Connection reset,Reqres_Swagger 1-484,text,false,,2685,0,343,343,https://reqres.in/api/users/register,,0,0,7039
1677342097601,14469,HTTP Request,Non HTTP response code: java.net.SocketException,Non HTTP response message: Connection reset,Reqres_Swagger 1-113,text,false,,2685,0,343,343,https://reqres.in/api/users/register,,0,0,14469
1677342097621,14449,HTTP Request,Non HTTP response code: java.net.SocketException,Non HTTP response message: Connection reset,Reqres_Swagger 1-114,text,false,,2685,0,342,342,https://reqres.in/api/users/register,,0,0,14449
1677342104731,7340,HTTP Request,Non HTTP response code: java.net.SocketException,Non HTTP response message: Connection reset,Reqres_Swagger 1-469,text,false,,2685,0,340,340,https://reqres.in/api/users/register,,0,0,7340
1677342104771,7300,HTTP Request,Non HTTP response code: java.net.SocketException,Non HTTP response message: Connection reset,Reqres_Swagger 1-471,text,false,,2685,0,340,340,https://reqres.in/api/users/register,,0,0,7300
1677342105072,6998,HTTP Request,Non HTTP response code: java.net.SocketException,Non HTTP response message: Connection reset,Reqres_Swagger 1-486,text,false,,2685,0,340,340,https://reqres.in/api/users/register,,0,0,6998
1677342097722,14349,HTTP Request,Non HTTP response code: java.net.SocketException,Non HTTP response message: Connection reset,Reqres_Swagger 1-119,text,false,,2685,0,335,335,https://reqres.in/api/users/register,,0,0,14349
1677342105011,7124,HTTP Request,Non HTTP response code: java.net.SocketException,Non HTTP response message: Connection reset,Reqres_Swagger 1-483,text,false,,2685,0,331,331,https://reqres.in/api/users/register,,0,0,7124
1677342105050,7085,HTTP Request,Non HTTP response code: java.net.SocketException,Non HTTP response message: Connection reset,Reqres_Swagger 1-485,text,false,,2685,0,331,331,https://reqres.in/api/users/register,,0,0,7085
1677342105152,6983,HTTP Request,Non HTTP response code: java.net.SocketException,Non HTTP response message: Connection reset,Reqres_Swagger 1-490,text,false,,2685,0,331,331,https://reqres.in/api/users/register,,0,0,6983
1677342104892,7243,HTTP Request,Non HTTP response code: java.net.SocketException,Non HTTP response message: Connection reset,Reqres_Swagger 1-477,text,false,,2685,0,331,331,https://reqres.in/api/users/register,,0,0,7243
1677342104833,7302,HTTP Request,Non HTTP response code: java.net.SocketException,Non HTTP response message: Connection reset,Reqres_Swagger 1-474,text,false,,2685,0,331,331,https://reqres.in/api/users/register,,0,0,7302
1677342105131,7004,HTTP Request,Non HTTP response code: java.net.SocketException,Non HTTP response message: Connection reset,Reqres_Swagger 1-489,text,false,,2685,0,331,331,https://reqres.in/api/users/register,,0,0,7004
1677342105173,6962,HTTP Request,Non HTTP response code: java.net.SocketException,Non HTTP response message: Connection reset,Reqres_Swagger 1-491,text,false,,2685,0,331,331,https://reqres.in/api/users/register,,0,0,6962
1677342105111,7024,HTTP Request,Non HTTP response code: java.net.SocketException,Non HTTP response message: Connection reset,Reqres_Swagger 1-488,text,false,,2685,0,331,331,https://reqres.in/api/users/register,,0,0,7024
1677342104952,7183,HTTP Request,Non HTTP response code: java.net.SocketException,Non HTTP response message: Connection reset,Reqres_Swagger 1-480,text,false,,2685,0,331,331,https://reqres.in/api/users/register,,0,0,7183
1677342104872,7264,HTTP Request,Non HTTP response code: java.net.SocketException,Non HTTP response message: Connection reset,Reqres_Swagger 1-476,text,false,,2685,0,331,331,https://reqres.in/api/users/register,,0,0,7263
1677342097762,14390,HTTP Request,Non HTTP response code: java.net.SocketException,Non HTTP response message: Connection reset,Reqres_Swagger 1-121,text,false,,2685,0,321,321,https://reqres.in/api/users/register,,0,0,14390
1677342105192,6960,HTTP Request,Non HTTP response code: java.net.SocketException,Non HTTP response message: Connection reset,Reqres_Swagger 1-492,text,false,,2685,0,321,321,https://reqres.in/api/users/register,,0,0,6960
1677342097782,14372,HTTP Request,Non HTTP response code: java.net.SocketException,Non HTTP response message: Connection reset,Reqres_Swagger 1-122,text,false,,2685,0,319,319,https://reqres.in/api/users/register,,0,0,14372
1677342105211,6943,HTTP Request,Non HTTP response code: java.net.SocketException,Non HTTP response message: Connection reset,Reqres_Swagger 1-493,text,false,,2685,0,319,319,https://reqres.in/api/users/register,,0,0,6943
1677342105331,6859,HTTP Request,Non HTTP response code: java.net.SocketException,Non HTTP response message: Connection reset,Reqres_Swagger 1-499,text,false,,2685,0,317,317,https://reqres.in/api/users/register,,0,0,6859
1677342105292,6898,HTTP Request,Non HTTP response code: java.net.SocketException,Non HTTP response message: Connection reset,Reqres_Swagger 1-497,text,false,,2685,0,317,317,https://reqres.in/api/users/register,,0,0,6898
1677342105271,6919,HTTP Request,Non HTTP response code: java.net.SocketException,Non HTTP response message: Connection reset,Reqres_Swagger 1-496,text,false,,2685,0,317,317,https://reqres.in/api/users/register,,0,0,6919
1677342105232,6958,HTTP Request,Non HTTP response code: java.net.SocketException,Non HTTP response message: Connection reset,Reqres_Swagger 1-494,text,false,,2685,0,317,317,https://reqres.in/api/users/register,,0,0,6958
1677342105311,6881,HTTP Request,Non HTTP response code: java.net.SocketException,Non HTTP response message: Connection reset,Reqres_Swagger 1-498,text,false,,2685,0,313,313,https://reqres.in/api/users/register,,0,0,6881
1677342105351,6841,HTTP Request,Non HTTP response code: java.net.SocketException,Non HTTP response message: Connection reset,Reqres_Swagger 1-500,text,false,,2685,0,313,313,https://reqres.in/api/users/register,,0,0,6841
1677342105251,6941,HTTP Request,Non HTTP response code: java.net.SocketException,Non HTTP response message: Connection reset,Reqres_Swagger 1-495,text,false,,2685,0,313,313,https://reqres.in/api/users/register,,0,0,6941
1677342097802,14499,HTTP Request,Non HTTP response code: java.net.SocketException,Non HTTP response message: Connection reset,Reqres_Swagger 1-123,text,false,,2685,0,310,310,https://reqres.in/api/users/register,,0,0,14498
1677342097822,14637,HTTP Request,Non HTTP response code: java.net.SocketException,Non HTTP response message: Connection reset,Reqres_Swagger 1-124,text,false,,2685,0,309,309,https://reqres.in/api/users/register,,0,0,14637
1677342097862,14659,HTTP Request,Non HTTP response code: java.net.SocketException,Non HTTP response message: Connection reset,Reqres_Swagger 1-126,text,false,,2685,0,308,308,https://reqres.in/api/users/register,,0,0,14659
1677342097842,15817,HTTP Request,Non HTTP response code: java.net.SocketException,Non HTTP response message: Connection reset,Reqres_Swagger 1-125,text,false,,2685,0,307,307,https://reqres.in/api/users/register,,0,0,15817
1677342097903,15768,HTTP Request,Non HTTP response code: java.net.SocketException,Non HTTP response message: Connection reset,Reqres_Swagger 1-128,text,false,,2685,0,306,306,https://reqres.in/api/users/register,,0,0,15768
1677342097882,16020,HTTP Request,Non HTTP response code: java.net.SocketException,Non HTTP response message: Connection reset,Reqres_Swagger 1-127,text,false,,2685,0,305,305,https://reqres.in/api/users/register,,0,0,16020
1677342097942,15966,HTTP Request,Non HTTP response code: java.net.SocketException,Non HTTP response message: Connection reset,Reqres_Swagger 1-130,text,false,,2685,0,304,304,https://reqres.in/api/users/register,,0,0,15966
1677342097923,15991,HTTP Request,Non HTTP response code: java.net.SocketException,Non HTTP response message: Connection reset,Reqres_Swagger 1-129,text,false,,2685,0,303,303,https://reqres.in/api/users/register,,0,0,15991
1677342096803,18151,HTTP Request,Non HTTP response code: org.apache.http.NoHttpResponseException,Non HTTP response message: reqres.in:443 failed to respond,Reqres_Swagger 1-73,text,false,,2079,0,302,302,https://reqres.in/api/users/register,,0,0,9461
1677342097981,17312,HTTP Request,Non HTTP response code: java.net.SocketException,Non HTTP response message: Connection reset,Reqres_Swagger 1-132,text,false,,2685,0,301,301,https://reqres.in/api/users/register,,0,0,17312
1677342103772,11627,HTTP Request,Non HTTP response code: java.net.SocketException,Non HTTP response message: Connection reset,Reqres_Swagger 1-421,text,false,,2685,0,300,300,https://reqres.in/api/users/register,,0,0,11627
1677342103793,11608,HTTP Request,Non HTTP response code: java.net.SocketException,Non HTTP response message: Connection reset,Reqres_Swagger 1-422,text,false,,2685,0,300,300,https://reqres.in/api/users/register,,0,0,11608
1677342098041,17545,HTTP Request,Non HTTP response code: java.net.SocketException,Non HTTP response message: Connection reset,Reqres_Swagger 1-135,text,false,,2685,0,298,298,https://reqres.in/api/users/register,,0,0,17545
1677342098021,17573,HTTP Request,Non HTTP response code: java.net.SocketException,Non HTTP response message: Connection reset,Reqres_Swagger 1-134,text,false,,2685,0,298,298,https://reqres.in/api/users/register,,0,0,17573
1677342098001,17598,HTTP Request,Non HTTP response code: java.net.SocketException,Non HTTP response message: Connection reset,Reqres_Swagger 1-133,text,false,,2685,0,298,298,https://reqres.in/api/users/register,,0,0,17598
1677342098061,17774,HTTP Request,Non HTTP response code: java.net.SocketException,Non HTTP response message: Connection reset,Reqres_Swagger 1-136,text,false,,2685,0,295,295,https://reqres.in/api/users/register,,0,0,17774
1677342098102,17754,HTTP Request,Non HTTP response code: java.net.SocketException,Non HTTP response message: Connection reset,Reqres_Swagger 1-138,text,false,,2685,0,294,294,https://reqres.in/api/users/register,,0,0,17754
1677342098081,17794,HTTP Request,Non HTTP response code: java.net.SocketException,Non HTTP response message: Connection reset,Reqres_Swagger 1-137,text,false,,2685,0,293,293,https://reqres.in/api/users/register,,0,0,17794
1677342103873,12151,HTTP Request,Non HTTP response code: java.net.SocketException,Non HTTP response message: Connection reset,Reqres_Swagger 1-426,text,false,,2685,0,292,292,https://reqres.in/api/users/register,,0,0,12151
1677342103913,12133,HTTP Request,Non HTTP response code: java.net.SocketException,Non HTTP response message: Connection reset,Reqres_Swagger 1-428,text,false,,2685,0,291,291,https://reqres.in/api/users/register,,0,0,12133
1677342097162,19046,HTTP Request,Non HTTP response code: java.net.SocketException,Non HTTP response message: Connection reset,Reqres_Swagger 1-91,text,false,,2685,0,290,290,https://reqres.in/api/users/register,,0,0,19046
1677342097203,19007,HTTP Request,Non HTTP response code: java.net.SocketException,Non HTTP response message: Connection reset,Reqres_Swagger 1-93,text,false,,2685,0,289,289,https://reqres.in/api/users/register,,0,0,19007
1677342097223,18998,HTTP Request,Non HTTP response code: java.net.SocketException,Non HTTP response message: Connection reset,Reqres_Swagger 1-94,text,false,,2685,0,288,288,https://reqres.in/api/users/register,,0,0,18998
1677342097264,18959,HTTP Request,Non HTTP response code: java.net.SocketException,Non HTTP response message: Connection reset,Reqres_Swagger 1-96,text,false,,2685,0,287,287,https://reqres.in/api/users/register,,0,0,18959
1677342097284,19229,HTTP Request,Non HTTP response code: java.net.SocketException,Non HTTP response message: Connection reset,Reqres_Swagger 1-97,text,false,,2685,0,286,286,https://reqres.in/api/users/register,,0,0,19229
1677342097323,19194,HTTP Request,Non HTTP response code: java.net.SocketException,Non HTTP response message: Connection reset,Reqres_Swagger 1-99,text,false,,2685,0,285,285,https://reqres.in/api/users/register,,0,0,19193
1677342097304,19213,HTTP Request,Non HTTP response code: java.net.SocketException,Non HTTP response message: Connection reset,Reqres_Swagger 1-98,text,false,,2685,0,285,285,https://reqres.in/api/users/register,,0,0,19213
1677342098142,18552,HTTP Request,Non HTTP response code: java.net.SocketException,Non HTTP response message: Connection reset,Reqres_Swagger 1-140,text,false,,2685,0,283,283,https://reqres.in/api/users/register,,0,0,18552
1677342098122,18572,HTTP Request,Non HTTP response code: java.net.SocketException,Non HTTP response message: Connection reset,Reqres_Swagger 1-139,text,false,,2685,0,283,283,https://reqres.in/api/users/register,,0,0,18572
1677342100342,16815,HTTP Request,201,Created,Reqres_Swagger 1-250,text,true,,711,259,281,281,https://reqres.in/api/users/register,,16815,0,11974
1677342099382,17775,HTTP Request,201,Created,Reqres_Swagger 1-202,text,true,,719,259,281,281,https://reqres.in/api/users/register,,17775,0,12934
1677342099324,17833,HTTP Request,201,Created,Reqres_Swagger 1-199,text,true,,708,259,281,281,https://reqres.in/api/users/register,,17833,0,12984
1677342099362,17795,HTTP Request,201,Created,Reqres_Swagger 1-201,text,true,,707,259,281,281,https://reqres.in/api/users/register,,17795,0,12954
1677342099222,17935,HTTP Request,201,Created,Reqres_Swagger 1-194,text,true,,711,259,281,281,https://reqres.in/api/users/register,,17935,0,13132
1677342099263,17895,HTTP Request,201,Created,Reqres_Swagger 1-196,text,true,,711,259,281,281,https://reqres.in/api/users/register,,17895,0,13091
1677342099303,17855,HTTP Request,201,Created,Reqres_Swagger 1-198,text,true,,708,259,281,281,https://reqres.in/api/users/register,,17855,0,13005
1677342099344,17814,HTTP Request,201,Created,Reqres_Swagger 1-200,text,true,,714,259,281,281,https://reqres.in/api/users/register,,17814,0,13216
1677342098202,18958,HTTP Request,201,Created,Reqres_Swagger 1-143,text,true,,711,259,281,281,https://reqres.in/api/users/register,,18958,0,14323
1677342099422,17738,HTTP Request,201,Created,Reqres_Swagger 1-204,text,true,,712,259,281,281,https://reqres.in/api/users/register,,17738,0,12886
1677342099401,17759,HTTP Request,201,Created,Reqres_Swagger 1-203,text,true,,709,259,281,281,https://reqres.in/api/users/register,,17759,0,13159
1677342099283,17911,HTTP Request,201,Created,Reqres_Swagger 1-197,text,true,,714,259,270,270,https://reqres.in/api/users/register,,17911,0,13894
1677342099563,17638,HTTP Request,201,Created,Reqres_Swagger 1-211,text,true,,709,259,269,269,https://reqres.in/api/users/register,,17638,0,13614
1677342101182,16032,HTTP Request,201,Created,Reqres_Swagger 1-292,text,true,,709,259,268,268,https://reqres.in/api/users/register,,16032,0,12476
1677342098222,18994,HTTP Request,201,Created,Reqres_Swagger 1-144,text,true,,713,259,267,267,https://reqres.in/api/users/register,,18994,0,15436
1677342100782,16446,HTTP Request,201,Created,Reqres_Swagger 1-272,text,true,,715,259,266,266,https://reqres.in/api/users/register,,16446,0,12486
1677342101142,16086,HTTP Request,201,Created,Reqres_Swagger 1-290,text,true,,707,259,266,266,https://reqres.in/api/users/register,,16086,0,12520
1677342100863,16379,HTTP Request,201,Created,Reqres_Swagger 1-276,text,true,,705,259,264,264,https://reqres.in/api/users/register,,16379,0,12980
1677342101081,16161,HTTP Request,201,Created,Reqres_Swagger 1-287,text,true,,707,259,264,264,https://reqres.in/api/users/register,,16161,0,12656
1677342100942,16307,HTTP Request,201,Created,Reqres_Swagger 1-280,text,true,,715,259,262,262,https://reqres.in/api/users/register,,16307,0,12968
1677342100922,16331,HTTP Request,201,Created,Reqres_Swagger 1-279,text,true,,709,259,261,261,https://reqres.in/api/users/register,,16331,0,12988
1677342101122,16150,HTTP Request,201,Created,Reqres_Swagger 1-289,text,true,,709,259,260,260,https://reqres.in/api/users/register,,16150,0,12786
1677342100142,17130,HTTP Request,201,Created,Reqres_Swagger 1-240,text,true,,713,259,260,260,https://reqres.in/api/users/register,,17130,0,13644
1677342100882,16390,HTTP Request,201,Created,Reqres_Swagger 1-277,text,true,,711,259,260,260,https://reqres.in/api/users/register,,16390,0,13028
1677342101101,16171,HTTP Request,201,Created,Reqres_Swagger 1-288,text,true,,713,259,260,260,https://reqres.in/api/users/register,,16171,0,12742
1677342101022,16250,HTTP Request,201,Created,Reqres_Swagger 1-284,text,true,,717,259,260,260,https://reqres.in/api/users/register,,16250,0,12895
1677342100843,16429,HTTP Request,201,Created,Reqres_Swagger 1-275,text,true,,707,259,260,260,https://reqres.in/api/users/register,,16429,0,13073
1677342101043,16229,HTTP Request,201,Created,Reqres_Swagger 1-285,text,true,,711,259,260,260,https://reqres.in/api/users/register,,16229,0,12743
1677342101203,16069,HTTP Request,201,Created,Reqres_Swagger 1-293,text,true,,715,259,260,260,https://reqres.in/api/users/register,,16069,0,12699
1677342100962,16323,HTTP Request,201,Created,Reqres_Swagger 1-281,text,true,,711,259,252,252,https://reqres.in/api/users/register,,16323,0,12952
1677342100902,16383,HTTP Request,201,Created,Reqres_Swagger 1-278,text,true,,712,259,252,252,https://reqres.in/api/users/register,,16383,0,12917
1677342101062,16234,HTTP Request,201,Created,Reqres_Swagger 1-286,text,true,,707,259,250,250,https://reqres.in/api/users/register,,16234,0,13366
1677342099481,17824,HTTP Request,201,Created,Reqres_Swagger 1-207,text,true,,713,259,249,249,https://reqres.in/api/users/register,,17824,0,13731
1677342101002,16391,HTTP Request,201,Created,Reqres_Swagger 1-283,text,true,,709,259,248,248,https://reqres.in/api/users/register,,16391,0,13940
1677342101302,16159,HTTP Request,201,Created,Reqres_Swagger 1-298,text,true,,711,259,247,247,https://reqres.in/api/users/register,,16159,0,13991
1677342101262,16199,HTTP Request,201,Created,Reqres_Swagger 1-296,text,true,,721,259,247,247,https://reqres.in/api/users/register,,16199,0,14032
1677342101343,16123,HTTP Request,201,Created,Reqres_Swagger 1-300,text,true,,709,259,245,245,https://reqres.in/api/users/register,,16123,0,13950
1677342100262,17204,HTTP Request,201,Created,Reqres_Swagger 1-246,text,true,,715,259,245,245,https://reqres.in/api/users/register,,17204,0,15027
1677342101223,16249,HTTP Request,201,Created,Reqres_Swagger 1-294,text,true,,715,259,243,243,https://reqres.in/api/users/register,,16249,0,14070
1677342100822,16661,HTTP Request,201,Created,Reqres_Swagger 1-274,text,true,,715,259,242,242,https://reqres.in/api/users/register,,16661,0,14393
1677342100282,17201,HTTP Request,201,Created,Reqres_Swagger 1-247,text,true,,715,259,242,242,https://reqres.in/api/users/register,,17201,0,15016
1677342100322,17162,HTTP Request,201,Created,Reqres_Swagger 1-249,text,true,,713,259,242,242,https://reqres.in/api/users/register,,17162,0,14975
1677342101162,16323,HTTP Request,201,Created,Reqres_Swagger 1-291,text,true,,715,259,239,239,https://reqres.in/api/users/register,,16323,0,14042
1677342101322,16163,HTTP Request,201,Created,Reqres_Swagger 1-299,text,true,,724,259,239,239,https://reqres.in/api/users/register,,16163,0,13972
1677342100302,17193,HTTP Request,201,Created,Reqres_Swagger 1-248,text,true,,711,259,237,237,https://reqres.in/api/users/register,,17193,0,14985
1677342100482,17024,HTTP Request,201,Created,Reqres_Swagger 1-257,text,true,,709,259,236,236,https://reqres.in/api/users/register,,17024,0,14925
1677342100462,17044,HTTP Request,201,Created,Reqres_Swagger 1-256,text,true,,715,259,236,236,https://reqres.in/api/users/register,,17044,0,14945
1677342100241,17308,HTTP Request,201,Created,Reqres_Swagger 1-245,text,true,,711,259,234,234,https://reqres.in/api/users/register,,17307,0,15166
1677342100982,16567,HTTP Request,201,Created,Reqres_Swagger 1-282,text,true,,715,259,234,234,https://reqres.in/api/users/register,,16567,0,13962
1677342100361,17188,HTTP Request,201,Created,Reqres_Swagger 1-251,text,true,,715,259,234,234,https://reqres.in/api/users/register,,17187,0,15046
1677342101282,16271,HTTP Request,201,Created,Reqres_Swagger 1-297,text,true,,707,259,231,231,https://reqres.in/api/users/register,,16271,0,14019
1677342100523,17076,HTTP Request,201,Created,Reqres_Swagger 1-259,text,true,,717,259,230,230,https://reqres.in/api/users/register,,17076,0,14904
1677342100581,17019,HTTP Request,201,Created,Reqres_Swagger 1-262,text,true,,715,259,230,230,https://reqres.in/api/users/register,,17019,0,14898
1677342100562,17052,HTTP Request,201,Created,Reqres_Swagger 1-261,text,true,,707,259,228,228,https://reqres.in/api/users/register,,17052,0,14917
1677342100802,16812,HTTP Request,201,Created,Reqres_Swagger 1-273,text,true,,715,259,228,228,https://reqres.in/api/users/register,,16812,0,14691
1677342100382,17233,HTTP Request,201,Created,Reqres_Swagger 1-252,text,true,,713,259,226,226,https://reqres.in/api/users/register,,17233,0,15036
1677342100543,17112,HTTP Request,201,Created,Reqres_Swagger 1-260,text,true,,719,259,225,225,https://reqres.in/api/users/register,,17112,0,14884
1677342100403,17253,HTTP Request,201,Created,Reqres_Swagger 1-253,text,true,,711,259,225,225,https://reqres.in/api/users/register,,17253,0,15024
1677342100662,17019,HTTP Request,201,Created,Reqres_Swagger 1-266,text,true,,715,259,223,223,https://reqres.in/api/users/register,,17019,0,14910
1677342099442,18239,HTTP Request,201,Created,Reqres_Swagger 1-205,text,true,,712,259,223,223,https://reqres.in/api/users/register,,18239,0,16130
1677342099461,18230,HTTP Request,201,Created,Reqres_Swagger 1-206,text,true,,709,259,221,221,https://reqres.in/api/users/register,,18230,0,16115
1677342100502,17189,HTTP Request,201,Created,Reqres_Swagger 1-258,text,true,,713,259,221,221,https://reqres.in/api/users/register,,17189,0,15048
1677342100422,17269,HTTP Request,201,Created,Reqres_Swagger 1-254,text,true,,714,259,221,221,https://reqres.in/api/users/register,,17269,0,15077
1677342099543,18148,HTTP Request,201,Created,Reqres_Swagger 1-210,text,true,,713,259,221,221,https://reqres.in/api/users/register,,18148,0,16029
1677342099523,18168,HTTP Request,201,Created,Reqres_Swagger 1-209,text,true,,711,259,221,221,https://reqres.in/api/users/register,,18168,0,16053
1677342100622,17069,HTTP Request,201,Created,Reqres_Swagger 1-264,text,true,,723,259,221,221,https://reqres.in/api/users/register,,17069,0,14937
1677342100762,16935,HTTP Request,201,Created,Reqres_Swagger 1-271,text,true,,707,259,215,215,https://reqres.in/api/users/register,,16935,0,14837
1677342100721,16976,HTTP Request,201,Created,Reqres_Swagger 1-269,text,true,,715,259,215,215,https://reqres.in/api/users/register,,16976,0,14878
1677342100442,17256,HTTP Request,201,Created,Reqres_Swagger 1-255,text,true,,709,259,215,215,https://reqres.in/api/users/register,,17256,0,15117
1677342100642,17065,HTTP Request,201,Created,Reqres_Swagger 1-265,text,true,,715,259,212,212,https://reqres.in/api/users/register,,17065,0,14957
1677342099722,17985,HTTP Request,201,Created,Reqres_Swagger 1-219,text,true,,723,259,212,212,https://reqres.in/api/users/register,,17985,0,15877
1677342099922,17785,HTTP Request,201,Created,Reqres_Swagger 1-229,text,true,,715,259,212,212,https://reqres.in/api/users/register,,17785,0,15900
1677342099683,18024,HTTP Request,201,Created,Reqres_Swagger 1-217,text,true,,709,259,212,212,https://reqres.in/api/users/register,,18024,0,15895
1677342099623,18084,HTTP Request,201,Created,Reqres_Swagger 1-214,text,true,,711,259,212,212,https://reqres.in/api/users/register,,18084,0,15962
1677342099501,18206,HTTP Request,201,Created,Reqres_Swagger 1-208,text,true,,717,259,212,212,https://reqres.in/api/users/register,,18206,0,16092
1677342098182,19525,HTTP Request,201,Created,Reqres_Swagger 1-142,text,true,,723,259,212,212,https://reqres.in/api/users/register,,19525,0,17522
1677342101483,16224,HTTP Request,201,Created,Reqres_Swagger 1-307,text,true,,713,259,212,212,https://reqres.in/api/users/register,,16224,0,14352
1677342097343,20364,HTTP Request,201,Created,Reqres_Swagger 1-100,text,true,,708,259,212,212,https://reqres.in/api/users/register,,20364,0,18233
1677342100101,17606,HTTP Request,201,Created,Reqres_Swagger 1-238,text,true,,714,259,212,212,https://reqres.in/api/users/register,,17606,0,15726
1677342100182,17525,HTTP Request,201,Created,Reqres_Swagger 1-242,text,true,,709,259,212,212,https://reqres.in/api/users/register,,17525,0,15522
1677342099943,17764,HTTP Request,201,Created,Reqres_Swagger 1-230,text,true,,715,259,212,212,https://reqres.in/api/users/register,,17764,0,15888
1677342101402,16305,HTTP Request,201,Created,Reqres_Swagger 1-303,text,true,,709,259,212,212,https://reqres.in/api/users/register,,16305,0,14433
1677342100602,17105,HTTP Request,201,Created,Reqres_Swagger 1-263,text,true,,707,259,212,212,https://reqres.in/api/users/register,,17105,0,14991
1677342100081,17627,HTTP Request,201,Created,Reqres_Swagger 1-237,text,true,,711,259,205,205,https://reqres.in/api/users/register,,17627,0,15748
1677342100023,17685,HTTP Request,201,Created,Reqres_Swagger 1-234,text,true,,707,259,205,205,https://reqres.in/api/users/register,,17685,0,15806
1677342101462,16254,HTTP Request,201,Created,Reqres_Swagger 1-306,text,true,,707,259,196,196,https://reqres.in/api/users/register,,16254,0,14373
1677342097961,19755,HTTP Request,201,Created,Reqres_Swagger 1-131,text,true,,713,259,196,196,https://reqres.in/api/users/register,,19755,0,17866
1677342100122,17594,HTTP Request,201,Created,Reqres_Swagger 1-239,text,true,,715,259,196,196,https://reqres.in/api/users/register,,17594,0,15707
1677342100162,17554,HTTP Request,201,Created,Reqres_Swagger 1-241,text,true,,713,259,195,195,https://reqres.in/api/users/register,,17554,0,15665
1677342099902,17815,HTTP Request,201,Created,Reqres_Swagger 1-228,text,true,,725,259,192,192,https://reqres.in/api/users/register,,17815,0,15931
1677342098282,19436,HTTP Request,201,Created,Reqres_Swagger 1-147,text,true,,709,259,191,191,https://reqres.in/api/users/register,,19436,0,17553
1677342098321,19397,HTTP Request,201,Created,Reqres_Swagger 1-149,text,true,,711,259,191,191,https://reqres.in/api/users/register,,19397,0,17516
1677342099603,18115,HTTP Request,201,Created,Reqres_Swagger 1-213,text,true,,717,259,191,191,https://reqres.in/api/users/register,,18115,0,15975
1677342099981,17737,HTTP Request,201,Created,Reqres_Swagger 1-232,text,true,,709,259,191,191,https://reqres.in/api/users/register,,17737,0,15841
1677342100202,17516,HTTP Request,201,Created,Reqres_Swagger 1-243,text,true,,707,259,191,191,https://reqres.in/api/users/register,,17516,0,15631
1677342100742,16976,HTTP Request,201,Created,Reqres_Swagger 1-270,text,true,,709,259,191,191,https://reqres.in/api/users/register,,16976,0,14843
1677342099863,17855,HTTP Request,201,Created,Reqres_Swagger 1-226,text,true,,713,259,191,191,https://reqres.in/api/users/register,,17855,0,15968
1677342099822,17903,HTTP Request,201,Created,Reqres_Swagger 1-224,text,true,,707,259,184,184,https://reqres.in/api/users/register,,17903,0,16002
1677342099841,17884,HTTP Request,201,Created,Reqres_Swagger 1-225,text,true,,710,259,184,184,https://reqres.in/api/users/register,,17884,0,15992
1677342099742,17983,HTTP Request,201,Created,Reqres_Swagger 1-220,text,true,,713,259,184,184,https://reqres.in/api/users/register,,17983,0,15843
1677342099964,17761,HTTP Request,201,Created,Reqres_Swagger 1-231,text,true,,711,259,184,184,https://reqres.in/api/users/register,,17761,0,15873
1677342099762,17965,HTTP Request,201,Created,Reqres_Swagger 1-221,text,true,,715,259,180,180,https://reqres.in/api/users/register,,17965,0,16069
1677342099781,17946,HTTP Request,201,Created,Reqres_Swagger 1-222,text,true,,719,259,180,180,https://reqres.in/api/users/register,,17946,0,16056
1677342100702,17042,HTTP Request,201,Created,Reqres_Swagger 1-268,text,true,,715,259,178,178,https://reqres.in/api/users/register,,17042,0,14891
1677342100222,17522,HTTP Request,201,Created,Reqres_Swagger 1-244,text,true,,715,259,178,178,https://reqres.in/api/users/register,,17522,0,15615
1677342100061,17683,HTTP Request,201,Created,Reqres_Swagger 1-236,text,true,,709,259,178,178,https://reqres.in/api/users/register,,17683,0,15770
1677342099882,17862,HTTP Request,201,Created,Reqres_Swagger 1-227,text,true,,715,259,178,178,https://reqres.in/api/users/register,,17862,0,15955
1677342100042,17702,HTTP Request,201,Created,Reqres_Swagger 1-235,text,true,,709,259,178,178,https://reqres.in/api/users/register,,17702,0,15785
1677342099643,18102,HTTP Request,201,Created,Reqres_Swagger 1-215,text,true,,711,259,178,178,https://reqres.in/api/users/register,,18102,0,16190
1677342099663,18082,HTTP Request,201,Created,Reqres_Swagger 1-216,text,true,,719,259,178,178,https://reqres.in/api/users/register,,18082,0,16168
1677342099802,17943,HTTP Request,201,Created,Reqres_Swagger 1-223,text,true,,709,259,175,175,https://reqres.in/api/users/register,,17943,0,16022
1677342100001,17744,HTTP Request,201,Created,Reqres_Swagger 1-233,text,true,,717,259,172,172,https://reqres.in/api/users/register,,17744,0,15830
1677342101523,16222,HTTP Request,201,Created,Reqres_Swagger 1-309,text,true,,715,259,170,170,https://reqres.in/api/users/register,,16222,0,14317
1677342101503,16250,HTTP Request,201,Created,Reqres_Swagger 1-308,text,true,,713,259,168,168,https://reqres.in/api/users/register,,16250,0,14350
1677342101382,16371,HTTP Request,201,Created,Reqres_Swagger 1-302,text,true,,707,259,168,168,https://reqres.in/api/users/register,,16371,0,14471
1677342101562,16191,HTTP Request,201,Created,Reqres_Swagger 1-311,text,true,,711,259,168,168,https://reqres.in/api/users/register,,16191,0,14291
1677342101602,16151,HTTP Request,201,Created,Reqres_Swagger 1-313,text,true,,711,259,168,168,https://reqres.in/api/users/register,,16151,0,14251
1677342098301,19453,HTTP Request,201,Created,Reqres_Swagger 1-148,text,true,,712,259,164,164,https://reqres.in/api/users/register,,19453,0,17564
1677342101242,16520,HTTP Request,201,Created,Reqres_Swagger 1-295,text,true,,711,259,163,163,https://reqres.in/api/users/register,,16520,0,14596
1677342101582,16183,HTTP Request,201,Created,Reqres_Swagger 1-312,text,true,,718,259,162,162,https://reqres.in/api/users/register,,16183,0,14271
1677342101662,16103,HTTP Request,201,Created,Reqres_Swagger 1-316,text,true,,709,259,162,162,https://reqres.in/api/users/register,,16103,0,14178
1677342101863,15902,HTTP Request,201,Created,Reqres_Swagger 1-326,text,true,,711,259,162,162,https://reqres.in/api/users/register,,15902,0,14074
1677342101542,16223,HTTP Request,201,Created,Reqres_Swagger 1-310,text,true,,723,259,162,162,https://reqres.in/api/users/register,,16223,0,14313
1677342098263,19502,HTTP Request,201,Created,Reqres_Swagger 1-146,text,true,,719,259,162,162,https://reqres.in/api/users/register,,19502,0,17590
1677342101641,16125,HTTP Request,201,Created,Reqres_Swagger 1-315,text,true,,711,259,157,157,https://reqres.in/api/users/register,,16125,0,14308
1677342101842,15925,HTTP Request,201,Created,Reqres_Swagger 1-325,text,true,,707,259,156,156,https://reqres.in/api/users/register,,15925,0,14107
1677342101942,15826,HTTP Request,201,Created,Reqres_Swagger 1-330,text,true,,709,259,155,155,https://reqres.in/api/users/register,,15826,0,14072
1677342101822,15947,HTTP Request,201,Created,Reqres_Swagger 1-324,text,true,,707,259,154,154,https://reqres.in/api/users/register,,15947,0,14190
1677342102102,15670,HTTP Request,201,Created,Reqres_Swagger 1-338,text,true,,713,259,153,153,https://reqres.in/api/users/register,,15670,0,13910
1677342101362,16410,HTTP Request,201,Created,Reqres_Swagger 1-301,text,true,,711,259,153,153,https://reqres.in/api/users/register,,16410,0,14493
1677342098382,19390,HTTP Request,201,Created,Reqres_Swagger 1-152,text,true,,707,259,153,153,https://reqres.in/api/users/register,,19390,0,17630
1677342102022,15750,HTTP Request,201,Created,Reqres_Swagger 1-334,text,true,,713,259,153,153,https://reqres.in/api/users/register,,15750,0,13992
1677342098242,19530,HTTP Request,201,Created,Reqres_Swagger 1-145,text,true,,717,259,153,153,https://reqres.in/api/users/register,,19530,0,17773
1677342101761,16011,HTTP Request,201,Created,Reqres_Swagger 1-321,text,true,,715,259,150,150,https://reqres.in/api/users/register,,16011,0,14176
1677342101442,16330,HTTP Request,201,Created,Reqres_Swagger 1-305,text,true,,711,259,150,150,https://reqres.in/api/users/register,,16330,0,14398
1677342098341,19445,HTTP Request,201,Created,Reqres_Swagger 1-150,text,true,,721,259,146,146,https://reqres.in/api/users/register,,19445,0,17596
1677342101622,16164,HTTP Request,201,Created,Reqres_Swagger 1-314,text,true,,713,259,146,146,https://reqres.in/api/users/register,,16164,0,14318
1677342101683,16103,HTTP Request,201,Created,Reqres_Swagger 1-317,text,true,,713,259,146,146,https://reqres.in/api/users/register,,16103,0,14254
1677342101722,16064,HTTP Request,201,Created,Reqres_Swagger 1-319,text,true,,711,259,146,146,https://reqres.in/api/users/register,,16064,0,14293
1677342101801,15985,HTTP Request,201,Created,Reqres_Swagger 1-323,text,true,,709,259,146,146,https://reqres.in/api/users/register,,15985,0,14214
1677342101741,16045,HTTP Request,201,Created,Reqres_Swagger 1-320,text,true,,711,259,146,146,https://reqres.in/api/users/register,,16045,0,14199
1677342102123,15663,HTTP Request,201,Created,Reqres_Swagger 1-339,text,true,,711,259,146,146,https://reqres.in/api/users/register,,15663,0,13892
1677342102142,15644,HTTP Request,201,Created,Reqres_Swagger 1-340,text,true,,711,259,146,146,https://reqres.in/api/users/register,,15644,0,13872
1677342098602,19189,HTTP Request,201,Created,Reqres_Swagger 1-163,text,true,,711,259,138,138,https://reqres.in/api/users/register,,19189,0,17469
1677342098503,19288,HTTP Request,201,Created,Reqres_Swagger 1-158,text,true,,709,259,138,138,https://reqres.in/api/users/register,,19288,0,17560
1677342101702,16089,HTTP Request,201,Created,Reqres_Swagger 1-318,text,true,,709,259,138,138,https://reqres.in/api/users/register,,16089,0,14313
1677342101883,15908,HTTP Request,201,Created,Reqres_Swagger 1-327,text,true,,711,259,138,138,https://reqres.in/api/users/register,,15908,0,14129
1677342101962,15831,HTTP Request,201,Created,Reqres_Swagger 1-331,text,true,,715,259,134,134,https://reqres.in/api/users/register,,15831,0,14052
1677342098761,19035,HTTP Request,201,Created,Reqres_Swagger 1-171,text,true,,713,259,133,133,https://reqres.in/api/users/register,,19035,0,17317
1677342098642,19154,HTTP Request,201,Created,Reqres_Swagger 1-165,text,true,,713,259,132,132,https://reqres.in/api/users/register,,19154,0,17426
1677342102002,15797,HTTP Request,201,Created,Reqres_Swagger 1-333,text,true,,709,259,131,131,https://reqres.in/api/users/register,,15797,0,14018
1677342098622,19177,HTTP Request,201,Created,Reqres_Swagger 1-164,text,true,,711,259,131,131,https://reqres.in/api/users/register,,19177,0,17449
1677342099082,18722,HTTP Request,201,Created,Reqres_Swagger 1-187,text,true,,711,259,129,129,https://reqres.in/api/users/register,,18722,0,16996
1677342099583,18221,HTTP Request,201,Created,Reqres_Swagger 1-212,text,true,,709,259,129,129,https://reqres.in/api/users/register,,18221,0,15976
1677342098662,19142,HTTP Request,201,Created,Reqres_Swagger 1-166,text,true,,709,259,129,129,https://reqres.in/api/users/register,,19142,0,17404
1677342098943,18861,HTTP Request,201,Created,Reqres_Swagger 1-180,text,true,,711,259,129,129,https://reqres.in/api/users/register,,18861,0,17126
1677342098962,18842,HTTP Request,201,Created,Reqres_Swagger 1-181,text,true,,705,259,129,129,https://reqres.in/api/users/register,,18842,0,17109
1677342098562,19317,HTTP Request,201,Created,Reqres_Swagger 1-161,text,true,,713,259,124,124,https://reqres.in/api/users/register,,19317,0,17504
1677342101922,15959,HTTP Request,201,Created,Reqres_Swagger 1-329,text,true,,709,259,124,124,https://reqres.in/api/users/register,,15959,0,14098
1677342102062,15819,HTTP Request,201,Created,Reqres_Swagger 1-336,text,true,,715,259,124,124,https://reqres.in/api/users/register,,15819,0,13958
1677342098402,19479,HTTP Request,201,Created,Reqres_Swagger 1-153,text,true,,713,259,124,124,https://reqres.in/api/users/register,,19479,0,17666
1677342099143,18738,HTTP Request,201,Created,Reqres_Swagger 1-190,text,true,,711,259,124,124,https://reqres.in/api/users/register,,18738,0,16983
1677342102443,15438,HTTP Request,201,Created,Reqres_Swagger 1-355,text,true,,719,259,124,124,https://reqres.in/api/users/register,,15438,0,13686
1677342098542,19340,HTTP Request,201,Created,Reqres_Swagger 1-160,text,true,,717,259,124,124,https://reqres.in/api/users/register,,19340,0,17526
1677342098463,19419,HTTP Request,201,Created,Reqres_Swagger 1-156,text,true,,715,259,121,121,https://reqres.in/api/users/register,,19419,0,17605
1677342102082,15799,HTTP Request,201,Created,Reqres_Swagger 1-337,text,true,,715,259,124,124,https://reqres.in/api/users/register,,15799,0,13938
1677342098882,19001,HTTP Request,201,Created,Reqres_Swagger 1-177,text,true,,709,259,116,116,https://reqres.in/api/users/register,,19001,0,17214
1677342098802,19081,HTTP Request,201,Created,Reqres_Swagger 1-173,text,true,,709,259,116,116,https://reqres.in/api/users/register,,19081,0,17301
1677342098743,19140,HTTP Request,201,Created,Reqres_Swagger 1-170,text,true,,715,259,116,116,https://reqres.in/api/users/register,,19140,0,17329
1677342102882,15001,HTTP Request,201,Created,Reqres_Swagger 1-377,text,true,,715,259,116,116,https://reqres.in/api/users/register,,15001,0,13451
1677342098862,19021,HTTP Request,201,Created,Reqres_Swagger 1-176,text,true,,714,259,114,114,https://reqres.in/api/users/register,,19021,0,17209
1677342098702,19179,HTTP Request,201,Created,Reqres_Swagger 1-168,text,true,,714,259,124,124,https://reqres.in/api/users/register,,19179,0,17367
1677342098361,19523,HTTP Request,201,Created,Reqres_Swagger 1-151,text,true,,711,259,113,113,https://reqres.in/api/users/register,,19523,0,17656
1677342102782,15102,HTTP Request,201,Created,Reqres_Swagger 1-372,text,true,,711,259,111,111,https://reqres.in/api/users/register,,15102,0,13430
1677342098483,19401,HTTP Request,201,Created,Reqres_Swagger 1-157,text,true,,711,259,111,111,https://reqres.in/api/users/register,,19401,0,17585
1677342098781,19103,HTTP Request,201,Created,Reqres_Swagger 1-172,text,true,,717,259,111,111,https://reqres.in/api/users/register,,19103,0,17323
1677342102862,15022,HTTP Request,201,Created,Reqres_Swagger 1-376,text,true,,713,259,111,111,https://reqres.in/api/users/register,,15022,0,13626
1677342098842,19043,HTTP Request,201,Created,Reqres_Swagger 1-175,text,true,,713,259,109,109,https://reqres.in/api/users/register,,19043,0,17229
1677342098582,19303,HTTP Request,201,Created,Reqres_Swagger 1-162,text,true,,711,259,106,106,https://reqres.in/api/users/register,,19303,0,17487
1677342101781,16104,HTTP Request,201,Created,Reqres_Swagger 1-322,text,true,,714,259,106,106,https://reqres.in/api/users/register,,16104,0,14236
1677342099703,18182,HTTP Request,201,Created,Reqres_Swagger 1-218,text,true,,717,259,103,103,https://reqres.in/api/users/register,,18182,0,15882
1677342098683,19202,HTTP Request,201,Created,Reqres_Swagger 1-167,text,true,,710,259,103,103,https://reqres.in/api/users/register,,19202,0,17388
1677342098821,19065,HTTP Request,201,Created,Reqres_Swagger 1-174,text,true,,721,259,100,100,https://reqres.in/api/users/register,,19065,0,17263
1677342100683,17203,HTTP Request,201,Created,Reqres_Swagger 1-267,text,true,,714,259,100,100,https://reqres.in/api/users/register,,17203,0,14910
1677342098443,19443,HTTP Request,201,Created,Reqres_Swagger 1-155,text,true,,709,259,100,100,https://reqres.in/api/users/register,,19443,0,17626
1677342098982,18905,HTTP Request,201,Created,Reqres_Swagger 1-182,text,true,,719,259,96,96,https://reqres.in/api/users/register,,18905,0,17133
1677342098422,19465,HTTP Request,201,Created,Reqres_Swagger 1-154,text,true,,713,259,96,96,https://reqres.in/api/users/register,,19465,0,17646
1677342103053,14834,HTTP Request,201,Created,Reqres_Swagger 1-385,text,true,,707,259,96,96,https://reqres.in/api/users/register,,14834,0,13463
1677342098522,19365,HTTP Request,201,Created,Reqres_Swagger 1-159,text,true,,721,259,96,96,https://reqres.in/api/users/register,,19365,0,17543
1677342098904,18983,HTTP Request,201,Created,Reqres_Swagger 1-178,text,true,,709,259,96,96,https://reqres.in/api/users/register,,18983,0,17180
1677342099181,18710,HTTP Request,201,Created,Reqres_Swagger 1-192,text,true,,713,259,94,94,https://reqres.in/api/users/register,,18710,0,16948
1677342102964,14927,HTTP Request,201,Created,Reqres_Swagger 1-381,text,true,,711,259,94,94,https://reqres.in/api/users/register,,14927,0,13620
1677342103114,14777,HTTP Request,201,Created,Reqres_Swagger 1-388,text,true,,711,259,94,94,https://reqres.in/api/users/register,,14777,0,13394
1677342102822,15065,HTTP Request,201,Created,Reqres_Swagger 1-374,text,true,,709,259,96,96,https://reqres.in/api/users/register,,15065,0,13510
1677342103293,14598,HTTP Request,201,Created,Reqres_Swagger 1-397,text,true,,711,259,94,94,https://reqres.in/api/users/register,,14598,0,13290
1677342103073,14818,HTTP Request,201,Created,Reqres_Swagger 1-386,text,true,,715,259,94,94,https://reqres.in/api/users/register,,14818,0,13479
1677342102206,15685,HTTP Request,201,Created,Reqres_Swagger 1-343,text,true,,719,259,92,92,https://reqres.in/api/users/register,,15685,0,13815
1677342099061,18830,HTTP Request,201,Created,Reqres_Swagger 1-186,text,true,,709,259,92,92,https://reqres.in/api/users/register,,18830,0,17023
1677342102902,14989,HTTP Request,201,Created,Reqres_Swagger 1-378,text,true,,707,259,92,92,https://reqres.in/api/users/register,,14989,0,13374
1677342102984,14907,HTTP Request,201,Created,Reqres_Swagger 1-382,text,true,,711,259,91,91,https://reqres.in/api/users/register,,14907,0,13599
1677342103014,14879,HTTP Request,201,Created,Reqres_Swagger 1-383,text,true,,721,259,81,81,https://reqres.in/api/users/register,,14879,0,13503
1677342102842,15052,HTTP Request,201,Created,Reqres_Swagger 1-375,text,true,,713,259,80,80,https://reqres.in/api/users/register,,15052,0,13434
1677342103134,14760,HTTP Request,201,Created,Reqres_Swagger 1-389,text,true,,713,259,80,80,https://reqres.in/api/users/register,,14760,0,13382
1677342103034,14863,HTTP Request,201,Created,Reqres_Swagger 1-384,text,true,,709,259,78,78,https://reqres.in/api/users/register,,14863,0,13482
1677342103752,14145,HTTP Request,201,Created,Reqres_Swagger 1-420,text,true,,709,259,78,78,https://reqres.in/api/users/register,,14145,0,12840
1677342102922,14975,HTTP Request,201,Created,Reqres_Swagger 1-379,text,true,,713,259,78,78,https://reqres.in/api/users/register,,14975,0,13590
1677342103214,14683,HTTP Request,201,Created,Reqres_Swagger 1-393,text,true,,713,259,78,78,https://reqres.in/api/users/register,,14683,0,13377
1677342103513,14384,HTTP Request,201,Created,Reqres_Swagger 1-408,text,true,,715,259,78,78,https://reqres.in/api/users/register,,14384,0,13079
1677342103493,14404,HTTP Request,201,Created,Reqres_Swagger 1-407,text,true,,713,259,78,78,https://reqres.in/api/users/register,,14404,0,13098
1677342103354,14543,HTTP Request,201,Created,Reqres_Swagger 1-400,text,true,,710,259,78,78,https://reqres.in/api/users/register,,14543,0,13238
1677342102944,14963,HTTP Request,201,Created,Reqres_Swagger 1-380,text,true,,711,259,71,71,https://reqres.in/api/users/register,,14963,0,13570
1677342099243,18664,HTTP Request,201,Created,Reqres_Swagger 1-195,text,true,,709,259,71,71,https://reqres.in/api/users/register,,18664,0,17375
1677342102283,15624,HTTP Request,201,Created,Reqres_Swagger 1-347,text,true,,715,259,71,71,https://reqres.in/api/users/register,,15624,0,14309
1677342101422,16485,HTTP Request,201,Created,Reqres_Swagger 1-304,text,true,,713,259,71,71,https://reqres.in/api/users/register,,16485,0,14799
1677342102522,15484,HTTP Request,201,Created,Reqres_Swagger 1-359,text,true,,712,259,67,67,https://reqres.in/api/users/register,,15484,0,14094
1677342102563,15409,HTTP Request,201,Created,Reqres_Swagger 1-361,text,true,,711,259,67,67,https://reqres.in/api/users/register,,15409,0,14109
1677342102403,15573,HTTP Request,201,Created,Reqres_Swagger 1-353,text,true,,723,259,67,67,https://reqres.in/api/users/register,,15573,0,14237
1677342102242,15732,HTTP Request,201,Created,Reqres_Swagger 1-345,text,true,,719,259,67,67,https://reqres.in/api/users/register,,15732,0,14380
1677342103552,14434,HTTP Request,201,Created,Reqres_Swagger 1-410,text,true,,713,259,67,67,https://reqres.in/api/users/register,,14434,0,13433
1677342103414,14558,HTTP Request,201,Created,Reqres_Swagger 1-403,text,true,,709,259,67,67,https://reqres.in/api/users/register,,14558,0,13225
1677342102762,15214,HTTP Request,201,Created,Reqres_Swagger 1-371,text,true,,709,259,67,67,https://reqres.in/api/users/register,,15214,0,13910
1677342099022,18954,HTTP Request,201,Created,Reqres_Swagger 1-184,text,true,,713,259,67,67,https://reqres.in/api/users/register,,18954,0,17654
1677342099123,18849,HTTP Request,201,Created,Reqres_Swagger 1-189,text,true,,709,259,67,67,https://reqres.in/api/users/register,,18849,0,17499
1677342103374,14597,HTTP Request,201,Created,Reqres_Swagger 1-401,text,true,,709,259,67,67,https://reqres.in/api/users/register,,14597,0,13265
1677342102462,15514,HTTP Request,201,Created,Reqres_Swagger 1-356,text,true,,710,259,67,67,https://reqres.in/api/users/register,,15514,0,14161
1677342103313,14658,HTTP Request,201,Created,Reqres_Swagger 1-398,text,true,,715,259,67,67,https://reqres.in/api/users/register,,14658,0,13279
1677342102582,15384,HTTP Request,201,Created,Reqres_Swagger 1-362,text,true,,711,259,67,67,https://reqres.in/api/users/register,,15384,0,14057
1677342102483,15493,HTTP Request,201,Created,Reqres_Swagger 1-357,text,true,,713,259,67,67,https://reqres.in/api/users/register,,15493,0,14156
1677342102802,15184,HTTP Request,201,Created,Reqres_Swagger 1-373,text,true,,710,259,67,67,https://reqres.in/api/users/register,,15184,0,13686
1677342101902,16064,HTTP Request,201,Created,Reqres_Swagger 1-328,text,true,,721,259,67,67,https://reqres.in/api/users/register,,16064,0,14721
1677342102343,15623,HTTP Request,201,Created,Reqres_Swagger 1-350,text,true,,712,259,67,67,https://reqres.in/api/users/register,,15623,0,14275
1677342102302,15680,HTTP Request,201,Created,Reqres_Swagger 1-348,text,true,,707,259,67,67,https://reqres.in/api/users/register,,15680,0,14374
1677342103195,14771,HTTP Request,201,Created,Reqres_Swagger 1-392,text,true,,713,259,67,67,https://reqres.in/api/users/register,,14771,0,13349
1677342103573,14409,HTTP Request,201,Created,Reqres_Swagger 1-411,text,true,,715,259,67,67,https://reqres.in/api/users/register,,14409,0,13335
1677342102643,15333,HTTP Request,201,Created,Reqres_Swagger 1-365,text,true,,711,259,67,67,https://reqres.in/api/users/register,,15333,0,13976
1677342103473,14493,HTTP Request,201,Created,Reqres_Swagger 1-406,text,true,,707,259,67,67,https://reqres.in/api/users/register,,14493,0,13144
1677342102322,15654,HTTP Request,201,Created,Reqres_Swagger 1-349,text,true,,711,259,67,67,https://reqres.in/api/users/register,,15654,0,14300
1677342099042,18944,HTTP Request,201,Created,Reqres_Swagger 1-185,text,true,,715,259,67,67,https://reqres.in/api/users/register,,18944,0,18441
1677342103732,14234,HTTP Request,201,Created,Reqres_Swagger 1-419,text,true,,709,259,67,67,https://reqres.in/api/users/register,,14234,0,12886
1677342102663,15315,HTTP Request,201,Created,Reqres_Swagger 1-366,text,true,,707,259,67,67,https://reqres.in/api/users/register,,15315,0,14009
1677342102503,15479,HTTP Request,201,Created,Reqres_Swagger 1-358,text,true,,713,259,67,67,https://reqres.in/api/users/register,,15479,0,14173
1677342103453,14513,HTTP Request,201,Created,Reqres_Swagger 1-405,text,true,,712,259,67,67,https://reqres.in/api/users/register,,14513,0,13139
1677342103394,14584,HTTP Request,201,Created,Reqres_Swagger 1-402,text,true,,713,259,67,67,https://reqres.in/api/users/register,,14584,0,13245
1677342103671,14293,HTTP Request,201,Created,Reqres_Swagger 1-416,text,true,,719,259,67,67,https://reqres.in/api/users/register,,14293,0,12946
1677342102722,15260,HTTP Request,201,Created,Reqres_Swagger 1-369,text,true,,711,259,67,67,https://reqres.in/api/users/register,,15260,0,13950
1677342103333,14631,HTTP Request,201,Created,Reqres_Swagger 1-399,text,true,,713,259,67,67,https://reqres.in/api/users/register,,14631,0,13261
1677342102704,15274,HTTP Request,201,Created,Reqres_Swagger 1-368,text,true,,713,259,67,67,https://reqres.in/api/users/register,,15274,0,13915
1677342102603,15361,HTTP Request,201,Created,Reqres_Swagger 1-363,text,true,,710,259,67,67,https://reqres.in/api/users/register,,15361,0,14016
1677342099101,18877,HTTP Request,201,Created,Reqres_Swagger 1-188,text,true,,717,259,67,67,https://reqres.in/api/users/register,,18877,0,17521
1677342102182,15796,HTTP Request,201,Created,Reqres_Swagger 1-342,text,true,,711,259,67,67,https://reqres.in/api/users/register,,15796,0,14490
1677342103613,14351,HTTP Request,201,Created,Reqres_Swagger 1-413,text,true,,711,259,67,67,https://reqres.in/api/users/register,,14351,0,13004
1677342102042,15944,HTTP Request,201,Created,Reqres_Swagger 1-335,text,true,,711,259,67,67,https://reqres.in/api/users/register,,15944,0,13975
1677342099201,18777,HTTP Request,201,Created,Reqres_Swagger 1-193,text,true,,707,259,67,67,https://reqres.in/api/users/register,,18777,0,17418
1677342103532,14432,HTTP Request,201,Created,Reqres_Swagger 1-409,text,true,,711,259,67,67,https://reqres.in/api/users/register,,14432,0,13086
1677342098723,19263,HTTP Request,201,Created,Reqres_Swagger 1-169,text,true,,713,259,67,67,https://reqres.in/api/users/register,,19263,0,17349
1677342102226,15752,HTTP Request,201,Created,Reqres_Swagger 1-344,text,true,,711,259,67,67,https://reqres.in/api/users/register,,15752,0,14397
1677342102383,15599,HTTP Request,201,Created,Reqres_Swagger 1-352,text,true,,715,259,67,67,https://reqres.in/api/users/register,,15599,0,14293
1677342102742,15240,HTTP Request,201,Created,Reqres_Swagger 1-370,text,true,,709,259,67,67,https://reqres.in/api/users/register,,15240,0,13930
1677342098924,19062,HTTP Request,201,Created,Reqres_Swagger 1-179,text,true,,719,259,67,67,https://reqres.in/api/users/register,,19062,0,17154
1677342102542,15422,HTTP Request,201,Created,Reqres_Swagger 1-360,text,true,,715,259,67,67,https://reqres.in/api/users/register,,15422,0,14080
1677342099162,18820,HTTP Request,201,Created,Reqres_Swagger 1-191,text,true,,709,259,67,67,https://reqres.in/api/users/register,,18820,0,17510
1677342103434,14530,HTTP Request,201,Created,Reqres_Swagger 1-404,text,true,,715,259,67,67,https://reqres.in/api/users/register,,14530,0,13159
1677342103593,14369,HTTP Request,201,Created,Reqres_Swagger 1-412,text,true,,712,259,67,67,https://reqres.in/api/users/register,,14369,0,12998
1677342102363,15599,HTTP Request,201,Created,Reqres_Swagger 1-351,text,true,,715,259,67,67,https://reqres.in/api/users/register,,15599,0,14229
1677342102624,15338,HTTP Request,201,Created,Reqres_Swagger 1-364,text,true,,713,259,67,67,https://reqres.in/api/users/register,,15338,0,13995
1677342103692,14270,HTTP Request,201,Created,Reqres_Swagger 1-417,text,true,,711,259,67,67,https://reqres.in/api/users/register,,14270,0,12902
1677342102423,15539,HTTP Request,201,Created,Reqres_Swagger 1-354,text,true,,715,259,67,67,https://reqres.in/api/users/register,,15539,0,14192
1677342103174,14788,HTTP Request,201,Created,Reqres_Swagger 1-391,text,true,,711,259,67,67,https://reqres.in/api/users/register,,14788,0,13418
1677342103632,14328,HTTP Request,201,Created,Reqres_Swagger 1-414,text,true,,721,259,67,67,https://reqres.in/api/users/register,,14328,0,12984
1677342102162,15798,HTTP Request,201,Created,Reqres_Swagger 1-341,text,true,,709,259,67,67,https://reqres.in/api/users/register,,15798,0,14431
1677342103155,14805,HTTP Request,201,Created,Reqres_Swagger 1-390,text,true,,709,259,67,67,https://reqres.in/api/users/register,,14805,0,13435
1677342103652,14308,HTTP Request,201,Created,Reqres_Swagger 1-415,text,true,,709,259,67,67,https://reqres.in/api/users/register,,14308,0,12966
1677342103094,14866,HTTP Request,201,Created,Reqres_Swagger 1-387,text,true,,713,259,67,67,https://reqres.in/api/users/register,,14866,0,13422
1677342103233,14727,HTTP Request,201,Created,Reqres_Swagger 1-394,text,true,,711,259,67,67,https://reqres.in/api/users/register,,14727,0,13350
1677342103253,14707,HTTP Request,201,Created,Reqres_Swagger 1-395,text,true,,709,259,67,67,https://reqres.in/api/users/register,,14707,0,13340
1677342103273,14684,HTTP Request,201,Created,Reqres_Swagger 1-396,text,true,,712,259,67,67,https://reqres.in/api/users/register,,14684,0,13310
1677342103712,14244,HTTP Request,201,Created,Reqres_Swagger 1-418,text,true,,711,259,67,67,https://reqres.in/api/users/register,,14244,0,12881
1677342102262,15770,HTTP Request,201,Created,Reqres_Swagger 1-346,text,true,,711,259,4,4,https://reqres.in/api/users/register,,15770,0,14357
1677342102684,15367,HTTP Request,201,Created,Reqres_Swagger 1-367,text,true,,709,259,3,3,https://reqres.in/api/users/register,,15367,0,13938
1677342099002,24595,HTTP Request,Non HTTP response code: org.apache.http.NoHttpResponseException,Non HTTP response message: reqres.in:443 failed to respond,Reqres_Swagger 1-183,text,false,,2079,0,2,2,https://reqres.in/api/users/register,,0,0,17076
1677342101982,21671,HTTP Request,201,Created,Reqres_Swagger 1-332,text,true,,713,259,1,1,https://reqres.in/api/users/register,,21671,0,14033
